"qBF1Pd","UsdlK"
"",""
"",""
"Obsessed Gymwear","+61 411 710 742"
"Force active wear","+61 422 209 055"
"Pro Sportswear","+61 7 3090 3999"
"Fitness Cartel Apparel",""
"Gym Clothes Australia | Wholesale Workout Clothing Manufacturer | Custom Activewear Supplier",""
"Cleo Harper",""
"Gmaxx Activewear","+61 418 892 570"
"SQ Active Wear","+61 457 228 166"
"LSKD HQ","+61 7 3807 4442"
"GMD Activewear","+61 7 3245 2813"
"Rockwear Harbourtown","+61 7 2105 1510"
"Stormers Sports Apparel and Giftware Bundaberg","+61 7 4153 4772"
"GAME Clothing","+61 7 3205 7454"
"EV2 Sportswear - Townsville","+61 7 4771 2091"
"Muscle Nation",""
"Rockwear Mt Gravatt","+61 7 3515 0497"
"Rockwear Chermside","+61 7 3478 9456"
"lululemon","+61 7 3211 2530"
"Old Man Strength | Gym & Workout T-shirts Australia","+61 488 154 890"
"TruSports","+61 7 4638 4991"
"Rockwear Sunshine Plaza","+61 7 3515 0457"
"Rockwear Brisbane DFO","+61 7 3478 9430"
"Scody Performance Wear","+61 7 3193 2100"
"rebel Garbutt","+61 7 4775 7722"
"WPN Activewear",""
"lululemon","+61 7 3254 1532"
"lululemon","+61 7 5531 6564"
"lululemon","+61 7 3359 8294"
"INTERSPORT Townsville Currajong","+61 7 4779 1422"
"Lorna Jane Brisbane City","+61 7 3709 7583"
"Rockwear Kawana","+61 7 3515 0453"
"rebel Townsville","+61 7 4728 9797"
"2XU Gold Coast","+61 7 3186 9282"
"dk active",""
"rebel Virginia","+61 7 3633 0077"
"rebel Capalaba","+61 7 3112 1888"
"Rockwear Toowoomba","+61 7 3478 9437"
"Tribal Sport","+61 1300 880 666"